iter	MultiClass
0	-1.65361361911	-1.47052283822	-1.33536207133	-1.232278314	4	-1.149812292
